INSERT INTO `directors` (id, age, country, gender_type, name , surname) VALUES ('1', 79, 'United States', 'MALE', 'Martin', 'Scorsese');
INSERT INTO `directors` (id, age, country, gender_type, name , surname) VALUES ('2', 58, 'United States', 'MALE', 'Quentin', 'Tarantino');
INSERT INTO `directors` (id, age, country, gender_type, name , surname) VALUES ('3', 72, 'Spain', 'MALE', 'Pedro', 'Almodóvar');
INSERT INTO `directors` (id, age, country, gender_type, name , surname) VALUES ('4', 60, 'New Zealand', 'MALE', 'Peter', 'Jackson');
INSERT INTO `directors` (id, age, country, gender_type, name , surname) VALUES ('5', 82, 'United States', 'MALE', 'Francis', 'Ford Coppola');
INSERT INTO `directors` (id, age, country, gender_type, name , surname) VALUES ('6', 44, 'Malasia', 'MALE', 'James', 'Wan');

INSERT INTO `movies` ( id, duration, film_genre, language, title, year, director_id) VALUES ('1', 113, 'THRILLER', 'English', 'Taxi Driver', 1976, '1');
INSERT INTO `movies` ( id, duration, film_genre, language, title, year, director_id) VALUES ('2', 146, 'CRIME', 'English', 'Goodfellas', 1990, '1');
INSERT INTO `movies` ( id, duration, film_genre, language, title, year, director_id) VALUES ('3', 180, 'COMEDY', 'English', 'The Wolf of Wall Street', 2013, '1');
INSERT INTO `movies` ( id, duration, film_genre, language, title, year, director_id) VALUES ('4', 209, 'THRILLER', 'English', 'The Irishman', 2019, '1');
INSERT INTO `movies` ( id, duration, film_genre, language, title, year, director_id) VALUES ('5', 154, 'COMEDY', 'English', 'Pulp Fiction', 1994, '2');
INSERT INTO `movies` ( id, duration, film_genre, language, title, year, director_id) VALUES ('6', 110, 'SUSPENSE', 'English', 'Kill Bill. Volume 1', 2003, '2');
INSERT INTO `movies` ( id, duration, film_genre, language, title, year, director_id) VALUES ('7', 136, 'SUSPENSE', 'English', 'Kill Bill. Volume 2', 2004, '2');
INSERT INTO `movies` ( id, duration, film_genre, language, title, year, director_id) VALUES ('8', 170, 'DRAMA', 'English', 'Django Unchained', 2012, '2');
INSERT INTO `movies` ( id, duration, film_genre, language, title, year, director_id) VALUES ('9', 88, 'COMEDY', 'Spanish', 'Mujeres al borde de un ataque de nervios', 1998, '3');
INSERT INTO `movies` ( id, duration, film_genre, language, title, year, director_id) VALUES ('10', 101, 'DRAMA', 'Spanish', 'Todo sobre mi madre', 1999, '3');
INSERT INTO `movies` ( id, duration, film_genre, language, title, year, director_id) VALUES ('11', 110, 'DRAMA', 'Spanish', 'Volver', 2006, '3');
INSERT INTO `movies` ( id, duration, film_genre, language, title, year, director_id) VALUES ('12', 115, 'THRILLER', 'Spanish', 'La piel que habito', 2011, '3');
INSERT INTO `movies` ( id, duration, film_genre, language, title, year, director_id) VALUES ('13', 228, 'FANTASY', 'English', 'The Lord of the Rings: The Fellowship of the Ring', 2001, '4');
INSERT INTO `movies` ( id, duration, film_genre, language, title, year, director_id) VALUES ('14', 235, 'FANTASY', 'English', 'The Lord of the Rings: The Two Towers', 2002, '4');
INSERT INTO `movies` ( id, duration, film_genre, language, title, year, director_id) VALUES ('15', 263, 'FANTASY', 'English', 'The Lord of the Rings: The Return of the King', 2003, '4');
INSERT INTO `movies` ( id, duration, film_genre, language, title, year, director_id) VALUES ('16', 200, 'ACTION', 'English', 'King Kong', 2005, '4');
INSERT INTO `movies` ( id, duration, film_genre, language, title, year, director_id) VALUES ('17', 177, 'CRIME', 'English', 'The Godfather I', 1972, '5');
INSERT INTO `movies` ( id, duration, film_genre, language, title, year, director_id) VALUES ('18', 200, 'CRIME', 'English', 'The Godfather II', 1974, '5');
INSERT INTO `movies` ( id, duration, film_genre, language, title, year, director_id) VALUES ('19', 196, 'DRAMA', 'English', 'Apocalypse Now', 1979, '5');
INSERT INTO `movies` ( id, duration, film_genre, language, title, year, director_id) VALUES ('20', 163, 'CRIME', 'English', 'The Godfather III', 1990, '5');
INSERT INTO `movies` ( id, duration, film_genre, language, title, year, director_id) VALUES ('21', 111, 'HORROR', 'English', 'Saw', 2004, '5');

INSERT INTO `actors` (id, age, country, gender_type, name , surname) VALUES ('1', 78, 'United States', 'MALE', 'Robert', 'De Niro');
INSERT INTO `actors` (id, age, country, gender_type, name , surname) VALUES ('2', 59, 'United States', 'FEMALE', 'Jodie', 'Foster');
INSERT INTO `actors` (id, age, country, gender_type, name , surname) VALUES ('3', 67, 'United States', 'MALE', 'Ray', 'Liotta');
INSERT INTO `actors` (id, age, country, gender_type, name , surname) VALUES ('4', 79, 'United States', 'MALE', 'Joe', 'Pesci');
INSERT INTO `actors` (id, age, country, gender_type, name , surname) VALUES ('5', 67, 'United States', 'FEMALE', 'Lorraine', 'Bracco');
INSERT INTO `actors` (id, age, country, gender_type, name , surname) VALUES ('6', 47, 'United States', 'MALE', 'Leonardo', 'DiCaprio');
INSERT INTO `actors` (id, age, country, gender_type, name , surname) VALUES ('7', 31, 'Australia', 'FEMALE', 'Margot', 'Robbie');
INSERT INTO `actors` (id, age, country, gender_type, name , surname) VALUES ('8', 81, 'United States', 'MALE', 'Al', 'Pacino');
INSERT INTO `actors` (id, age, country, gender_type, name , surname) VALUES ('9', 67, 'United States', 'MALE', 'John', 'Travolta');
INSERT INTO `actors` (id, age, country, gender_type, name , surname) VALUES ('10', 51, 'United States', 'FEMALE', 'Uma', 'Thurman');
INSERT INTO `actors` (id, age, country, gender_type, name , surname) VALUES ('11', 73, 'United States', 'MALE', 'Samuel', 'Jackson');
INSERT INTO `actors` (id, age, country, gender_type, name , surname) VALUES ('12', 66, 'Germany', 'MALE', 'Bruce', 'Willis');
INSERT INTO `actors` (id, age, country, gender_type, name , surname) VALUES ('13', 54, 'United States', 'MALE', 'Jamie', 'Foxx');
INSERT INTO `actors` (id, age, country, gender_type, name , surname) VALUES ('14', 65, 'Austria', 'MALE', 'Christoph', 'Waltz');
INSERT INTO `actors` (id, age, country, gender_type, name , surname) VALUES ('15', 45, 'United States', 'FEMALE', 'Kerry', 'Washington');
INSERT INTO `actors` (id, age, country, gender_type, name , surname) VALUES ('16', 76, 'Spain', 'FEMALE', 'Carmen', 'Maura');
INSERT INTO `actors` (id, age, country, gender_type, name , surname) VALUES ('17', 61, 'Spain', 'MALE', 'Antonio', 'Banderas');
INSERT INTO `actors` (id, age, country, gender_type, name , surname) VALUES ('18', 47, 'Spain', 'FEMALE', 'Penélope', 'Cruz');
INSERT INTO `actors` (id, age, country, gender_type, name , surname) VALUES ('19', 59, 'Spain', 'MALE', 'Carlos', 'Lozano');
INSERT INTO `actors` (id, age, country, gender_type, name , surname) VALUES ('20', 41, 'United States', 'MALE', 'Elijah', 'Wood');
INSERT INTO `actors` (id, age, country, gender_type, name , surname) VALUES ('21', 63, 'United States', 'MALE', 'Viggo', 'Mortensen');
INSERT INTO `actors` (id, age, country, gender_type, name , surname) VALUES ('22', 50, 'United States', 'MALE', 'Sean', 'Astin');
INSERT INTO `actors` (id, age, country, gender_type, name , surname) VALUES ('23', 45, 'United Kingdom', 'MALE', 'Orlando', 'Bloom');
INSERT INTO `actors` (id, age, country, gender_type, name , surname) VALUES ('24', 82, 'United Kingdom', 'MALE', 'Ian', 'McKellen');
INSERT INTO `actors` (id, age, country, gender_type, name , surname) VALUES ('25', 57, 'United Kingdom', 'MALE', 'Andy', 'Serkis');
INSERT INTO `actors` (id, age, country, gender_type, name , surname) VALUES ('26', 53, 'United Kingdom', 'FEMALE', 'Naomi', 'Watts');
INSERT INTO `actors` (id, age, country, gender_type, name , surname) VALUES ('27', 57, 'United States', 'MALE', 'Jack', 'Black');
INSERT INTO `actors` (id, age, country, gender_type, name , surname) VALUES ('28', 80, 'United States', 'MALE', 'Marlon', 'Brando');
INSERT INTO `actors` (id, age, country, gender_type, name , surname) VALUES ('29', 76, 'United States', 'FEMALE', 'Diane', 'Keaton');
INSERT INTO `actors` (id, age, country, gender_type, name , surname) VALUES ('30', 45, 'Australia', 'MALE', 'Leigh', 'Whannell');

INSERT INTO `rel_movies_actors` (movie_id, actor_id) VALUES ('1', '1');
INSERT INTO `rel_movies_actors` (movie_id, actor_id) VALUES ('1', '2');
INSERT INTO `rel_movies_actors` (movie_id, actor_id) VALUES ('2', '1');
INSERT INTO `rel_movies_actors` (movie_id, actor_id) VALUES ('2', '3');
INSERT INTO `rel_movies_actors` (movie_id, actor_id) VALUES ('2', '4');
INSERT INTO `rel_movies_actors` (movie_id, actor_id) VALUES ('2', '5');
INSERT INTO `rel_movies_actors` (movie_id, actor_id) VALUES ('3', '6');
INSERT INTO `rel_movies_actors` (movie_id, actor_id) VALUES ('3', '7');
INSERT INTO `rel_movies_actors` (movie_id, actor_id) VALUES ('4', '1');
INSERT INTO `rel_movies_actors` (movie_id, actor_id) VALUES ('4', '4');
INSERT INTO `rel_movies_actors` (movie_id, actor_id) VALUES ('4', '8');
INSERT INTO `rel_movies_actors` (movie_id, actor_id) VALUES ('5', '9');
INSERT INTO `rel_movies_actors` (movie_id, actor_id) VALUES ('5', '10');
INSERT INTO `rel_movies_actors` (movie_id, actor_id) VALUES ('5', '11');
INSERT INTO `rel_movies_actors` (movie_id, actor_id) VALUES ('5', '12');
INSERT INTO `rel_movies_actors` (movie_id, actor_id) VALUES ('6', '10');
INSERT INTO `rel_movies_actors` (movie_id, actor_id) VALUES ('7', '10');
INSERT INTO `rel_movies_actors` (movie_id, actor_id) VALUES ('8', '6');
INSERT INTO `rel_movies_actors` (movie_id, actor_id) VALUES ('8', '11');
INSERT INTO `rel_movies_actors` (movie_id, actor_id) VALUES ('8', '13');
INSERT INTO `rel_movies_actors` (movie_id, actor_id) VALUES ('8', '14');
INSERT INTO `rel_movies_actors` (movie_id, actor_id) VALUES ('8', '15');
INSERT INTO `rel_movies_actors` (movie_id, actor_id) VALUES ('9', '16');
INSERT INTO `rel_movies_actors` (movie_id, actor_id) VALUES ('9', '17');
INSERT INTO `rel_movies_actors` (movie_id, actor_id) VALUES ('10', '18');
INSERT INTO `rel_movies_actors` (movie_id, actor_id) VALUES ('10', '19');
INSERT INTO `rel_movies_actors` (movie_id, actor_id) VALUES ('11', '16');
INSERT INTO `rel_movies_actors` (movie_id, actor_id) VALUES ('11', '18');
INSERT INTO `rel_movies_actors` (movie_id, actor_id) VALUES ('12', '17');
INSERT INTO `rel_movies_actors` (movie_id, actor_id) VALUES ('13', '20');
INSERT INTO `rel_movies_actors` (movie_id, actor_id) VALUES ('13', '21');
INSERT INTO `rel_movies_actors` (movie_id, actor_id) VALUES ('13', '22');
INSERT INTO `rel_movies_actors` (movie_id, actor_id) VALUES ('13', '23');
INSERT INTO `rel_movies_actors` (movie_id, actor_id) VALUES ('13', '24');
INSERT INTO `rel_movies_actors` (movie_id, actor_id) VALUES ('13', '25');
INSERT INTO `rel_movies_actors` (movie_id, actor_id) VALUES ('14', '20');
INSERT INTO `rel_movies_actors` (movie_id, actor_id) VALUES ('14', '21');
INSERT INTO `rel_movies_actors` (movie_id, actor_id) VALUES ('14', '22');
INSERT INTO `rel_movies_actors` (movie_id, actor_id) VALUES ('14', '23');
INSERT INTO `rel_movies_actors` (movie_id, actor_id) VALUES ('14', '24');
INSERT INTO `rel_movies_actors` (movie_id, actor_id) VALUES ('14', '25');
INSERT INTO `rel_movies_actors` (movie_id, actor_id) VALUES ('15', '20');
INSERT INTO `rel_movies_actors` (movie_id, actor_id) VALUES ('15', '21');
INSERT INTO `rel_movies_actors` (movie_id, actor_id) VALUES ('15', '22');
INSERT INTO `rel_movies_actors` (movie_id, actor_id) VALUES ('15', '23');
INSERT INTO `rel_movies_actors` (movie_id, actor_id) VALUES ('15', '24');
INSERT INTO `rel_movies_actors` (movie_id, actor_id) VALUES ('15', '25');
INSERT INTO `rel_movies_actors` (movie_id, actor_id) VALUES ('16', '26');
INSERT INTO `rel_movies_actors` (movie_id, actor_id) VALUES ('16', '27');
INSERT INTO `rel_movies_actors` (movie_id, actor_id) VALUES ('17', '8');
INSERT INTO `rel_movies_actors` (movie_id, actor_id) VALUES ('17', '28');
INSERT INTO `rel_movies_actors` (movie_id, actor_id) VALUES ('17', '29');
INSERT INTO `rel_movies_actors` (movie_id, actor_id) VALUES ('18', '1');
INSERT INTO `rel_movies_actors` (movie_id, actor_id) VALUES ('18', '8');
INSERT INTO `rel_movies_actors` (movie_id, actor_id) VALUES ('18', '29');
INSERT INTO `rel_movies_actors` (movie_id, actor_id) VALUES ('19', '28');
INSERT INTO `rel_movies_actors` (movie_id, actor_id) VALUES ('20', '8');
INSERT INTO `rel_movies_actors` (movie_id, actor_id) VALUES ('20', '29');
INSERT INTO `rel_movies_actors` (movie_id, actor_id) VALUES ('21', '30');
